id	allele	state	zygosity	weight	rsid	priority	category_id
0	T	alt	het	0.5	rs7412	1.0	1
1	T	alt	hom	1.0	rs7412	1.0	1
2	C	alt	het	-0.5	rs429358	1.0	1
3	C	alt	hom	-1.0	rs429358	1.0	1
4	G	ref	hom	0.97	rs5882	0.97	1
5	T	alt	het	0.475	rs2802292	0.95	2
6	G	ref	hom	0.95	rs2802292	0.95	2
7	G	alt	het	0.94	rs9536314	0.94	2
8	A	alt	het	0.94	rs9536314	0.94	2
9	C	alt	het	0.47	rs9527025	0.94	2
10	C	ref	hom	0.92	rs13217795	0.92	2
11	G	alt	het	0.46	rs13217795	0.92	2
12	T	alt	het	0.46	rs13217795	0.92	2
13	A	ref	hom	0.92	rs2802288	0.92	2
14	G	alt	het	0.46	rs2802288	0.92	2
15	A	alt	het	0.445	rs7762395	0.89	2
16	A	alt	hom	0.89	rs7762395	0.89	2
17	T	ref	hom	0.88	rs13220810	0.88	2
18	C	alt	het	0.44	rs13220810	0.88	2
19	C	alt	het	0.435	rs9400239	0.87	2
20	T	ref	hom	0.87	rs9400239	0.87	2
21	C	ref	hom	0.87	rs2764264	0.87	2
22	T	alt	het	0.435	rs2764264	0.87	2
23	T	alt	hom	0.425	rs9486902	0.85	2
24	C	alt	het	-0.415	rs2755213	0.83	2
25	C	alt	hom	-0.83	rs2755213	0.83	2
26	TC	spec	het	-0.415	rs2755209	0.83	2
27	C	alt	hom	-0.83	rs2755209	0.83	2
28	G	alt	het	0.415	rs3800231	0.83	2
29	G	alt	hom	0.83	rs3800231	0.83	2
30	C	alt	het	0.395	rs479744	0.79	2
31	T	alt	het	0.395	rs479744	0.79	2
32	C	alt	hom	0.79	rs479744	0.79	2
33	T	alt	hom	0.79	rs479744	0.79	2
34	T	alt	hom	-0.375	rs1207362	0.75	2
35	C	alt	hom	-0.375	rs1207362	0.75	2
36	G	alt	het	-0.375	rs4420638	0.75	1
37	G	alt	hom	-0.75	rs4420638	0.75	1
38	C	alt	hom	0.73	rs2542052	0.73	1
39	G	alt	het	0.36	rs7896005	0.72	5
40	G	alt	hom	0.72	rs7896005	0.72	5
41	A	alt	het	0.35	rs473268	0.7	2
42	A	alt	hom	0.7	rs473268	0.7	2
43	A	alt	het	-0.35	rs769449	0.7	1
44	A	alt	hom	-0.7	rs769449	0.7	1
45	A	alt	hom	0.345	rs2227956	0.69	9
46	C	alt	het	0.34	rs3758391	0.68	5
47	C	alt	hom	0.68	rs3758391	0.68	5
48	C	ref	hom	0.215	rs2866164	0.43	4
49	C	alt	het	0.34	rs12778366	0.68	5
50	C	alt	hom	0.68	rs12778366	0.68	5
51	C	alt	hom	0.335	rs1008438	0.67	9
52	A	alt	het	0.33	rs4980329	0.66	5
53	T	alt	het	0.33	rs4980329	0.66	5
54	A	alt	hom	0.66	rs4980329	0.66	5
55	T	alt	hom	0.66	rs4980329	0.66	5
56	T	alt	het	0.33	rs11555236	0.66	5
57	A	alt	het	0.33	rs11555236	0.66	5
58	A	alt	hom	0.66	rs11555236	0.66	5
59	T	alt	hom	0.66	rs11555236	0.66	5
60	G	alt	het	0.64	rs1801282	0.64	1
61	T	ref	hom	0.31	rs662	0.62	1
62	C	ref	hom	0.6	rs1800795	0.6	10
63	G	alt	het	0.3	rs1800795	0.6	10
64	A	alt	het	0.3	rs2802290	0.6	2
65	A	alt	hom	0.6	rs2802290	0.6	2
66	A	ref	hom	0.26	rs2280789	0.52	10
67	T	alt	het	0.26	rs2107538	0.52	10
68	A	alt	hom	0.52	rs2107538	0.52	10
69	A	alt	het	0.255	rs2758331	0.51	3
70	A	alt	hom	0.51	rs2758331	0.51	3
71	G	ref	hom	0.255	rs1061581	0.51	9
72	C	alt	hom	0.51	rs4880	0.51	3
73	CT	spec	het	0.255	rs4880	0.51	3
74	A	alt	het	0.255	rs911847	0.51	3
75	A	alt	hom	0.51	rs911847	0.51	3
76	C	ref	hom	0.51	rs5746151	0.51	3
77	T	alt	het	0.255	rs5746151	0.51	3
78	C	ref	hom	0.51	rs5746136	0.51	3
79	T	alt	het	0.255	rs5746136	0.51	3
80	C	alt	het	-0.255	rs2842980	0.51	3
81	C	alt	hom	-0.51	rs2842980	0.51	3
82	T	alt	hom	0.5	rs12206094	0.5	2
83	T	alt	het	0.25	rs12206094	0.5	2
84	C	alt	het	0.25	rs4946936	0.5	2
85	C	alt	hom	0.5	rs4946936	0.5	2
86	C	alt	het	0.25	rs1800896	0.5	10
87	C	alt	hom	0.5	rs1800896	0.5	10
88	A	ref	hom	0.5	rs2883881	0.5	2
89	G	alt	het	0.25	rs2883881	0.5	2
90	C	alt	het	0.25	rs2883881	0.5	2
91	A	alt	het	0.25	rs12200646	0.5	2
92	A	alt	hom	0.5	rs12200646	0.5	2
93	A	alt	het	0.25	rs6911407	0.5	2
94	A	alt	hom	0.5	rs6911407	0.5	2
95	A	ref	hom	0.25	rs2274776	0.5	2
96	C	alt	het	0.25	rs1268170	0.5	2
97	C	alt	hom	0.5	rs1268170	0.5	2
98	C	alt	het	0.25	rs4746720	0.5	5
99	C	alt	hom	0.5	rs4746720	0.5	5
100	G	alt	het	0.25	rs9923854	0.5	1
101	G	alt	hom	0.5	rs9923854	0.5	1
102	CA	spec	het	0.245	rs660339	0.49	4
103	CT	spec	het	0.245	rs660339	0.49	4
104	A	alt	hom	0.49	rs660339	0.49	4
105	T	alt	hom	0.49	rs660339	0.49	4
106	T	alt	het	0.245	rs659366	0.49	4
107	T	alt	hom	0.49	rs659366	0.49	4
108	C	alt	hom	-0.245	rs1800592	0.49	4
109	G	alt	het	0.245	rs647126	0.49	4
110	G	alt	hom	0.49	rs647126	0.49	4
111	A	ref	hom	0.245	rs3781907	0.49	4
112	G	alt	het	0.245	rs1685354	0.49	4
113	G	alt	hom	0.49	rs1685354	0.49	4
114	G	ref	hom	0.245	rs11235972	0.49	4
115	A	alt	het	0.245	rs1800849	0.49	4
116	A	alt	hom	0.49	rs1800849	0.49	4
117	T	alt	het	0.245	rs15763	0.49	4
118	G	alt	het	0.245	rs15763	0.49	4
119	G	alt	hom	0.49	rs15763	0.49	4
120	GT	spec	het	0.49	rs15763	0.49	4
121	A	alt	hom	0.245	rs9472817	0.49	4
122	G	alt	het	0.245	rs9472817	0.49	4
123	A	alt	het	0.49	rs9472817	0.49	4
124	C	ref	hom	0.49	rs9472817	0.49	4
125	A	alt	het	0.24	rs9616906	0.48	7
126	A	alt	hom	0.48	rs9616906	0.48	7
127	A	alt	het	0.24	rs13008689	0.48	7
128	A	alt	hom	0.48	rs13008689	0.48	7
129	C	ref	hom	0.48	rs1205035	0.48	7
130	T	alt	het	0.24	rs1205035	0.48	7
131	A	ref	hom	0.48	rs10819510	0.48	7
132	G	alt	het	0.24	rs10819510	0.48	7
133	C	alt	het	0.24	rs3120819	0.48	7
134	C	alt	hom	0.48	rs3120819	0.48	7
135	G	alt	het	0.24	rs1799889	0.48	10
136	G	alt	hom	0.48	rs1799889	0.48	10
137	G	ref	hom	0.24	rs1333049	0.48	7
138	A	alt	het	0.24	rs1042522	0.48	7
139	A	alt	hom	0.48	rs1042522	0.48	7
140	A	alt	het	0.24	rs1800629	0.48	10
141	A	alt	hom	0.48	rs1800629	0.48	10
142	A	alt	het	0.24	rs361525	0.48	10
143	A	alt	hom	0.48	rs361525	0.48	10
144	C	alt	het	0.23	rs699947	0.46	10
145	C	alt	hom	0.46	rs699947	0.46	10
146	G	alt	het	0.23	rs2010963	0.46	10
147	G	alt	hom	0.46	rs2010963	0.46	10
148	G	alt	hom	-0.23	rs1570360	0.46	10
149	C	ref	hom	0.45	rs2854116	0.45	1
150	T	alt	het	0.225	rs2854116	0.45	1
151	A	alt	het	0.225	rs2229765	0.45	2
152	A	alt	hom	0.45	rs2229765	0.45	2
153	G	alt	het	0.225	rs9456497	0.45	2
154	G	alt	hom	0.45	rs9456497	0.45	2
155	C	alt	hom	0.225	rs422858	0.45	8
156	G	alt	het	0.225	rs275653	0.45	8
157	G	alt	hom	0.45	rs275653	0.45	8
158	G	ref	hom	0.45	rs5128	0.45	1
159	C	alt	het	0.225	rs5128	0.45	1
160	A	alt	het	0.22	rs12770830	0.44	9
161	A	alt	hom	0.44	rs12770830	0.44	9
162	G	alt	het	0.22	rs699	0.44	8
163	T	alt	het	0.22	rs699	0.44	8
164	G	alt	hom	0.44	rs699	0.44	8
165	T	alt	hom	0.44	rs699	0.44	8
166	T	alt	het	0.22	rs1805097	0.44	2
167	T	alt	hom	0.44	rs1805097	0.44	2
168	G	alt	het	0.205	rs723525	0.41	0
169	G	alt	hom	0.41	rs723525	0.41	0
170	C	alt	het	0.205	rs4541274	0.41	0
171	G	alt	het	0.205	rs10509271	0.41	0
172	G	alt	hom	0.41	rs10509271	0.41	0
173	G	alt	het	0.205	rs1860242	0.41	0
174	G	alt	hom	0.41	rs1860242	0.41	0
175	G	alt	het	0.2	rs2253310	0.4	2
176	G	alt	hom	0.4	rs2253310	0.4	2
177	G	alt	het	0.2	rs4946935	0.4	2
178	G	alt	hom	0.4	rs4946935	0.4	2
179	G	alt	het	-0.195	rs2075650	0.39	4
180	G	alt	hom	-0.39	rs2075650	0.39	4
181	T	alt	het	0.195	rs3024239	0.39	11
182	T	alt	hom	0.39	rs3024239	0.39	11
183	G	ref	hom	0.195	rs1800392	0.39	11
184	C	alt	het	0.07800000000000001	rs1800392	0.39	11
185	T	alt	het	0.07800000000000001	rs1800392	0.39	11
186	T	ref	hom	0.39	rs2738679	0.39	7
187	C	alt	het	0.195	rs2738679	0.39	7
188	T	alt	het	0.195	rs13251813	0.39	11
189	T	alt	hom	0.39	rs13251813	0.39	11
190	G	alt	hom	0.38	rs2243115	0.38	10
191	G	alt	het	0.19	rs2243115	0.38	10
192	A	alt	het	0.19	rs1800562	0.38	0
193	A	alt	hom	0.38	rs1800562	0.38	0
194	G	ref	hom	0.19	rs1043618	0.38	9
195	T	alt	hom	-0.19	rs6435326	0.38	4
196	G	alt	het	0.19	rs6435324	0.38	4
197	G	alt	hom	0.38	rs6435324	0.38	4
198	T	alt	het	0.19	rs11695633	0.38	4
199	T	alt	hom	0.38	rs11695633	0.38	4
200	G	alt	het	0.19	rs11548670	0.38	4
201	G	alt	hom	0.38	rs11548670	0.38	4
202	G	ref	hom	0.37	rs1429842	0.37	4
203	A	alt	het	0.185	rs1429842	0.37	4
204	C	alt	het	0.185	rs1429842	0.37	4
205	T	alt	het	0.185	rs7656234	0.37	0
206	T	alt	hom	0.37	rs7656234	0.37	0
207	T	alt	het	-0.185	rs11954180	0.37	0
208	T	alt	hom	-0.37	rs11954180	0.37	0
209	G	ref	hom	0.36	rs1063192	0.36	7
210	A	alt	het	0.18	rs1063192	0.36	7
211	T	alt	het	0.18	rs1063192	0.36	7
212	A	alt	het	-0.18	rs4977756	0.36	7
213	A	alt	hom	-0.36	rs4977756	0.36	7
214	A	alt	het	0.18	rs1412832	0.36	7
215	T	alt	het	0.18	rs1412832	0.36	7
216	A	alt	hom	0.36	rs1412832	0.36	7
217	T	alt	hom	0.36	rs1412832	0.36	7
218	G	alt	het	0.175	rs4986790	0.35	10
219	G	alt	hom	0.35	rs4986790	0.35	10
220	A	ref	hom	0.35	rs1800624	0.35	10
221	G	alt	het	0.175	rs1800624	0.35	10
222	A	alt	het	-0.175	rs414743	0.35	11
223	A	alt	hom	-0.35	rs414743	0.35	11
224	C	alt	het	0.175	rs3788157	0.35	11
225	C	alt	hom	0.35	rs3788157	0.35	11
226	G	ref	hom	0.35	rs2838816	0.35	11
227	A	alt	het	0.175	rs2838816	0.35	11
228	G	alt	hom	0.175	rs2838810	0.35	11
229	C	ref	hom	0.35	rs2838809	0.35	11
230	G	alt	het	0.175	rs2838809	0.35	11
231	C	ref	hom	0.35	rs884949	0.35	11
232	A	alt	het	0.175	rs884949	0.35	11
233	T	ref	hom	0.35	rs3898610	0.35	11
234	C	alt	het	0.175	rs3898610	0.35	11
235	G	ref	hom	0.35	rs2805562	0.35	11
236	A	alt	het	0.175	rs2805562	0.35	11
237	T	ref	hom	0.35	rs2805543	0.35	11
238	C	alt	het	0.175	rs2805543	0.35	11
239	T	ref	hom	0.35	rs2805535	0.35	11
240	A	alt	het	0.175	rs2805535	0.35	11
241	A	alt	het	-0.175	rs2805533	0.35	11
242	A	alt	hom	-0.35	rs2805533	0.35	11
243	C	ref	hom	0.35	rs2676192	0.35	11
244	T	alt	het	0.175	rs2676192	0.35	11
245	G	alt	het	0.175	rs2387952	0.35	11
246	G	alt	hom	0.35	rs2387952	0.35	11
247	C	ref	hom	0.35	rs2387653	0.35	11
248	T	alt	het	0.175	rs2387653	0.35	11
249	C	ref	hom	0.35	rs17294019	0.35	11
250	A	alt	het	0.175	rs17294019	0.35	11
251	T	alt	het	0.175	rs17294019	0.35	11
252	C	ref	hom	0.35	rs1533484	0.35	11
253	G	alt	het	0.175	rs1533484	0.35	11
254	A	ref	hom	0.35	rs10903420	0.35	11
255	C	alt	het	0.175	rs10903420	0.35	11
256	G	alt	het	0.175	rs10903420	0.35	11
257	T	ref	hom	0.35	rs1007147	0.35	11
258	A	alt	het	0.175	rs1007147	0.35	11
259	C	alt	het	0.175	rs1007147	0.35	11
260	G	ref	hom	0.35	rs768023	0.35	2
261	A	alt	het	0.175	rs768023	0.35	2
262	C	ref	hom	0.34	rs3803304	0.34	6
263	C	ref	hom	0.34	rs1801270	0.34	7
264	C	ref	hom	0.34	rs1059234	0.34	7
265	T	ref	hom	0.34	rs3851179	0.34	0
266	C	alt	het	0.17	rs3851179	0.34	0
267	T	alt	hom	-0.165	rs4902538	0.33	11
268	A	alt	het	0.165	rs1033686	0.33	11
269	A	alt	hom	0.33	rs1033686	0.33	11
270	G	ref	hom	0.33	rs3816754	0.33	11
271	T	alt	het	0.165	rs3816754	0.33	11
272	A	alt	het	0.33	rs189037	0.33	7
273	C	ref	hom	0.33	rs1805329	0.33	11
274	T	alt	het	0.165	rs1805329	0.33	11
275	C	alt	hom	0.33	rs11571461	0.33	11
276	C	alt	het	0.165	rs11571461	0.33	11
277	T	alt	het	0.165	rs17268499	0.33	9
278	T	alt	hom	0.33	rs17268499	0.33	9
279	T	alt	het	0.16	rs7905174	0.32	9
280	T	alt	hom	0.32	rs7905174	0.32	9
281	G	alt	het	0.15	rs9787671	0.3	9
282	A	alt	het	0.15	rs9787671	0.3	9
283	G	alt	hom	0.3	rs9787671	0.3	9
284	A	alt	hom	0.3	rs9787671	0.3	9
285	C	alt	het	0.15	rs107251	0.3	5
286	C	alt	hom	0.3	rs107251	0.3	5
287	G	alt	het	0.15	rs1935949	0.3	2
288	G	alt	hom	0.3	rs1935949	0.3	2
289	G	alt	het	0.15	rs440446	0.3	1
290	G	alt	hom	0.3	rs440446	0.3	1
291	G	alt	het	-0.15	rs405509	0.3	1
292	G	alt	hom	-0.3	rs405509	0.3	1
293	A	alt	het	0.15	rs289714	0.3	1
294	A	alt	hom	0.3	rs289714	0.3	1
295	G	ref	hom	0.3	rs1800777	0.3	1
296	A	alt	het	0.15	rs1800777	0.3	1
297	T	alt	het	0.15	rs1800774	0.3	1
298	T	alt	hom	0.3	rs1800774	0.3	1
299	A	alt	het	0.145	rs262883	0.29	10
300	A	alt	hom	0.29	rs262883	0.29	10
301	G	alt	het	0.145	rs750586	0.29	10
302	G	alt	hom	0.29	rs750586	0.29	10
303	G	alt	hom	-0.145	rs735943	0.29	11
304	G	ref	hom	0.145	rs4149965	0.29	11
305	C	ref	hom	0.29	rs1776180	0.29	11
306	G	alt	het	0.145	rs1776180	0.29	11
307	G	alt	het	0.135	rs915179	0.27	11
308	G	alt	hom	0.27	rs915179	0.27	11
309	C	alt	het	0.135	rs2075773	0.27	11
310	C	alt	hom	0.27	rs2075773	0.27	11
311	A	alt	het	0.135	rs1076584	0.27	11
312	A	alt	hom	0.27	rs1076584	0.27	11
313	T	alt	het	-0.135	rs4641	0.27	11
314	T	alt	hom	-0.27	rs4641	0.27	11
315	C	alt	het	-0.135	rs2485662	0.27	11
316	C	alt	hom	-0.27	rs2485662	0.27	11
317	G	alt	het	0.135	rs2111699	0.27	3
318	G	alt	hom	0.27	rs2111699	0.27	3
319	C	ref	hom	0.27	rs282070	0.27	10
320	G	alt	het	0.135	rs282070	0.27	10
321	C	alt	het	0.12	rs13320360	0.24	11
322	T	ref	hom	0.24	rs13320360	0.24	11
323	C	alt	het	-0.12	rs1056836	0.24	1
324	C	alt	hom	-0.24	rs1056836	0.24	1
325	T	ref	hom	0.24	rs978739	0.24	0
326	T	alt	het	-0.12	rs1879417	0.24	8
327	C	ref	hom	-0.24	rs1879417	0.24	8
328	T	alt	het	0.115	rs2269475	0.23	10
329	T	alt	hom	0.23	rs2269475	0.23	10
330	T	alt	het	0.115	rs73598374	0.23	10
331	T	alt	hom	0.23	rs73598374	0.23	10
332	G	ref	hom	0.23	rs7799039	0.23	0
333	A	alt	het	0.115	rs7799039	0.23	0
334	A	alt	hom	0.22	rs28940577	0.22	10
335	AG	spec	het	0.11	rs28940577	0.22	10
336	G	alt	het	0.11	rs28940579	0.22	10
337	G	alt	hom	0.11	rs1800471	0.22	10
338	C	alt	het	0.11	rs26802	0.22	2
339	G	alt	het	0.11	rs26802	0.22	2
340	C	alt	hom	0.22	rs26802	0.22	2
341	G	alt	hom	0.22	rs26802	0.22	2
342	T	alt	het	-0.11	rs2509049	0.22	11
343	T	alt	hom	-0.22	rs2509049	0.22	11
344	A	ref	hom	0.22	rs207444	0.22	3
345	G	alt	het	0.11	rs207444	0.22	3
346	C	alt	het	0.11	rs207444	0.22	3
347	A	alt	het	-0.11	rs705649	0.22	11
348	A	alt	hom	-0.22	rs705649	0.22	11
349	G	alt	het	-0.11	rs2267723	0.22	2
350	G	alt	hom	-0.22	rs2267723	0.22	2
351	T	alt	het	0.11	rs572169	0.22	2
352	T	alt	hom	0.22	rs572169	0.22	2
353	G	ref	hom	0.22	rs1002149	0.22	2
354	A	alt	het	0.11	rs1002149	0.22	2
355	T	alt	het	0.11	rs1002149	0.22	2
356	A	alt	het	0.11	rs3842755	0.22	2
357	A	alt	hom	0.22	rs3842755	0.22	2
358	G	ref	hom	0.22	rs2953983	0.22	11
359	A	alt	het	0.11	rs2953983	0.22	11
360	G	alt	het	0.11	rs3211994	0.22	0
361	T	alt	het	0.11	rs3211994	0.22	0
362	T	ref	hom	-0.1075	rs2430561	0.215	10
363	C	ref	hom	0.21	rs7962759	0.21	3
364	G	alt	het	0.105	rs7962759	0.21	3
365	C	ref	hom	0.21	rs7310815	0.21	3
366	G	alt	het	0.105	rs7310815	0.21	3
367	C	alt	het	0.105	rs7310505	0.21	3
368	C	alt	hom	0.21	rs7310505	0.21	3
369	C	alt	het	0.105	rs7301631	0.21	3
370	C	alt	hom	0.21	rs7301631	0.21	3
371	G	alt	het	0.105	rs4964778	0.21	3
372	G	alt	hom	0.21	rs4964778	0.21	3
373	A	alt	het	0.105	rs4964735	0.21	3
374	A	alt	hom	0.21	rs4964735	0.21	3
375	A	alt	het	0.105	rs4964728	0.21	3
376	A	alt	hom	0.21	rs4964728	0.21	3
377	G	ref	hom	0.21	rs4445711	0.21	3
378	A	alt	het	0.105	rs4445711	0.21	3
379	T	alt	het	0.105	rs17202060	0.21	3
380	T	alt	hom	0.21	rs17202060	0.21	3
381	G	ref	hom	0.21	rs10861203	0.21	3
382	A	alt	het	0.105	rs10861203	0.21	3
383	T	ref	hom	0.21	rs10861197	0.21	3
384	C	alt	het	0.105	rs10861197	0.21	3
385	A	alt	hom	0.21	rs10861171	0.21	3
386	A	alt	het	0.105	rs10861171	0.21	3
387	T	alt	het	0.105	rs10861169	0.21	3
388	T	alt	hom	0.21	rs10861169	0.21	3
389	G	alt	het	0.105	rs10778318	0.21	3
390	G	alt	hom	0.21	rs10778318	0.21	3
391	T	alt	het	0.105	rs10047589	0.21	3
392	T	alt	hom	0.21	rs10047589	0.21	3
393	CT	spec	het	0.105	rs1050450	0.21	3
394	T	alt	hom	0.21	rs1050450	0.21	3
395	C	ref	hom	0.2	rs3906146	0.2	0
396	T	alt	het	0.1	rs3906146	0.2	0
397	C	alt	het	0.1	rs884225	0.2	10
398	C	alt	hom	0.2	rs884225	0.2	10
399	A	alt	het	0.1	rs3807362	0.2	10
400	A	alt	hom	0.2	rs3807362	0.2	10
401	C	ref	hom	0.2	rs2293347	0.2	10
402	T	alt	het	0.1	rs2293347	0.2	10
403	C	ref	hom	0.2	rs2072454	0.2	10
404	T	alt	het	0.1	rs2072454	0.2	10
405	G	alt	het	0.1	rs5744256	0.2	10
406	G	alt	hom	0.2	rs5744256	0.2	10
407	G	alt	het	0.1	rs327519	0.2	2
408	G	alt	hom	0.2	rs327519	0.2	2
409	C	alt	het	0.1	rs327517	0.2	2
410	C	alt	hom	0.2	rs327517	0.2	2
411	T	alt	hom	-0.1	rs1042031	0.2	1
412	C	alt	het	0.0975	rs1042714	0.195	4
413	G	ref	hom	0.195	rs1042714	0.195	4
414	C	alt	het	0.0975	rs1042719	0.195	4
415	C	alt	hom	0.195	rs1042719	0.195	4
416	A	alt	het	0.0975	rs1042718	0.195	4
417	A	alt	hom	0.195	rs1042718	0.195	4
418	G	ref	hom	0.19	rs1501299	0.19	1
419	T	alt	het	0.095	rs1501299	0.19	1
420	A	alt	het	0.095	rs2498804	0.19	0
421	C	ref	hom	0.19	rs2498804	0.19	0
422	A	ref	hom	0.18	rs4646	0.18	0
423	C	alt	het	0.09	rs4646	0.18	0
424	A	ref	hom	0.18	rs3968371	0.18	10
425	G	alt	het	0.09	rs3968371	0.18	10
426	G	alt	het	0.09	rs1980042	0.18	10
427	G	alt	hom	0.18	rs1980042	0.18	10
428	G	alt	het	0.09	rs1979128	0.18	10
429	G	alt	hom	0.18	rs1979128	0.18	10
430	A	alt	het	0.09	rs1562818	0.18	10
431	A	alt	hom	0.18	rs1562818	0.18	10
432	C	alt	het	0.09	rs1546518	0.18	10
433	C	alt	hom	0.18	rs1546518	0.18	10
434	T	ref	hom	0.18	rs1450741	0.18	10
435	C	alt	het	0.09	rs1450741	0.18	10
436	C	alt	het	0.09	rs1450740	0.18	10
437	C	alt	hom	0.18	rs1450740	0.18	10
438	G	ref	hom	0.18	rs1027989	0.18	10
439	A	alt	het	0.09	rs1027989	0.18	10
440	A	alt	het	0.09	rs2251252	0.18	10
441	A	alt	hom	0.18	rs2251252	0.18	10
442	T	alt	het	0.09	rs1981429	0.18	10
443	T	alt	hom	0.18	rs1981429	0.18	10
444	T	alt	het	0.085	rs2149954	0.17	0
445	T	alt	hom	0.17	rs2149954	0.17	0
446	AC	spec	het	0.085	rs13181	0.17	11
447	A	alt	het	0.085	rs12050077	0.17	0
448	A	alt	hom	0.17	rs12050077	0.17	0
449	G	alt	het	0.085	rs10149689	0.17	0
450	G	alt	hom	0.17	rs10149689	0.17	0
451	A	ref	hom	0.16	rs9876781	0.16	11
452	G	alt	het	0.08	rs9876781	0.16	11
453	C	alt	het	0.075	rs1503434	0.15	0
454	C	alt	hom	0.15	rs1503434	0.15	0
455	C	alt	het	0.15	rs1805086	0.15	6
456	C	alt	hom	0.15	rs1805086	0.15	6
457	C	alt	het	-0.075	rs507879	0.15	10
458	G	alt	het	0.07	rs975072	0.14	0
459	G	alt	hom	0.14	rs975072	0.14	0
460	T	alt	het	0.07	rs9652250	0.14	0
461	T	alt	hom	0.14	rs9652250	0.14	0
462	C	ref	hom	0.14	rs9513192	0.14	0
463	A	alt	het	0.07	rs9513192	0.14	0
464	C	alt	het	0.07	rs9324976	0.14	0
465	C	alt	hom	0.14	rs9324976	0.14	0
466	A	alt	het	0.07	rs9308765	0.14	0
467	A	alt	hom	0.14	rs9308765	0.14	0
468	C	alt	het	0.07	rs924584	0.14	0
469	T	ref	hom	0.14	rs924584	0.14	0
470	G	alt	het	0.07	rs899430	0.14	0
471	G	alt	hom	0.14	rs899430	0.14	0
472	T	ref	hom	0.14	rs855137	0.14	0
473	C	alt	het	0.07	rs855137	0.14	0
474	G	alt	het	0.07	rs829751	0.14	0
475	G	alt	hom	0.14	rs829751	0.14	0
476	G	ref	hom	0.14	rs828154	0.14	0
477	A	alt	het	0.07	rs828154	0.14	0
478	G	alt	het	0.07	rs8098316	0.14	0
479	G	alt	hom	0.14	rs8098316	0.14	0
480	G	ref	hom	0.14	rs8080728	0.14	0
481	A	alt	het	0.07	rs8080728	0.14	0
482	G	alt	het	0.07	rs8073559	0.14	0
483	G	alt	hom	0.14	rs8073559	0.14	0
484	T	ref	hom	0.14	rs8069437	0.14	0
485	C	alt	het	0.07	rs8069437	0.14	0
486	T	alt	het	0.07	rs8018467	0.14	0
487	T	alt	hom	0.14	rs8018467	0.14	0
488	T	ref	hom	0.14	rs8003056	0.14	0
489	C	alt	het	0.07	rs8003056	0.14	0
490	A	alt	het	0.07	rs767478	0.14	0
491	A	alt	hom	0.14	rs767478	0.14	0
492	A	ref	hom	0.14	rs751481	0.14	0
493	G	alt	het	0.07	rs751481	0.14	0
494	A	ref	hom	0.14	rs7505612	0.14	0
495	C	alt	het	0.07	rs7505612	0.14	0
496	C	ref	hom	0.14	rs3780223	0.14	10
497	T	alt	het	0.07	rs3780223	0.14	10
498	C	alt	het	0.07	rs765850	0.14	0
499	G	alt	het	0.07	rs7207422	0.14	0
500	G	alt	hom	0.14	rs7207422	0.14	0
501	G	alt	het	0.07	rs1389488	0.14	0
502	G	alt	het	0.07	rs6732163	0.14	11
503	G	alt	hom	0.14	rs6732163	0.14	11
504	A	ref	hom	0.14	rs11211037	0.14	0
505	C	alt	het	0.07	rs11211037	0.14	0
506	T	alt	het	0.07	rs9977638	0.14	0
507	T	alt	hom	0.14	rs9977638	0.14	0
508	A	alt	het	0.07	rs3763305	0.14	10
509	A	alt	hom	0.14	rs3763305	0.14	10
510	A	alt	het	0.07	rs1042663	0.14	0
511	A	alt	hom	0.14	rs1042663	0.14	0
512	T	alt	het	0.07	rs6115865	0.14	0
513	T	alt	hom	0.14	rs6115865	0.14	0
514	G	alt	het	0.07	rs6105966	0.14	0
515	G	alt	hom	0.14	rs6105966	0.14	0
516	G	alt	het	0.07	rs1867102	0.14	0
517	G	alt	hom	0.14	rs1867102	0.14	0
518	G	alt	het	0.07	rs7127390	0.14	0
519	G	alt	hom	0.14	rs7127390	0.14	0
520	A	alt	hom	0.14	rs2032563	0.14	0
521	A	alt	het	0.07	rs2032563	0.14	0
522	T	alt	het	0.07	rs1016339	0.14	6
523	T	alt	hom	0.14	rs1016339	0.14	6
524	GA	spec	het	0.07	rs2277509	0.14	0
525	A	alt	hom	0.14	rs2277509	0.14	0
526	A	alt	het	0.07	rs7800926	0.14	10
527	G	ref	hom	0.14	rs7800926	0.14	10
528	C	alt	het	0.07	rs4729049	0.14	6
529	T	ref	hom	0.14	rs4729049	0.14	6
530	G	alt	het	0.07	rs1280396	0.14	0
531	A	ref	hom	0.14	rs1280396	0.14	0
532	GA	spec	het	0.07	rs1922263	0.14	10
533	A	alt	hom	0.14	rs1922263	0.14	10
534	T	alt	het	0.07	rs9557276	0.14	4
535	T	alt	hom	0.14	rs9557276	0.14	4
536	G	alt	hom	0.14	rs303006	0.14	0
537	G	alt	het	0.07	rs303006	0.14	0
538	A	alt	het	0.07	rs216148	0.14	10
539	A	alt	hom	0.14	rs216148	0.14	10
540	A	alt	het	0.07	rs7013313	0.14	10
541	A	alt	hom	0.14	rs7013313	0.14	10
542	G	alt	het	0.07	rs651922	0.14	0
543	G	alt	hom	0.14	rs651922	0.14	0
544	G	alt	het	0.07	rs8003961	0.14	11
545	A	ref	hom	0.14	rs8003961	0.14	11
546	A	alt	het	0.07	rs1991289	0.14	0
547	A	alt	hom	0.14	rs1991289	0.14	0
548	G	alt	hom	0.14	rs1377843	0.14	0
549	G	alt	het	0.07	rs1377843	0.14	0
550	C	alt	het	0.07	rs4751140	0.14	10
551	T	ref	hom	0.14	rs4751140	0.14	10
552	T	alt	het	0.07	rs6801173	0.14	11
553	T	alt	hom	0.14	rs6801173	0.14	11
554	T	alt	het	0.07	rs12629971	0.14	11
555	T	alt	hom	0.14	rs12629971	0.14	11
556	C	ref	hom	0.14	rs7319813	0.14	3
557	T	alt	het	0.07	rs7319813	0.14	3
558	A	alt	het	0.07	rs7318601	0.14	3
559	A	alt	hom	0.14	rs7318601	0.14	3
560	T	alt	het	0.07	rs10512392	0.14	0
561	T	alt	hom	0.14	rs10512392	0.14	0
562	G	alt	hom	0.14	rs2383722	0.14	0
563	G	alt	het	0.07	rs2383722	0.14	0
564	G	ref	hom	0.14	rs793017	0.14	0
565	A	alt	het	0.07	rs793017	0.14	0
566	A	alt	het	0.07	rs17044026	0.14	4
567	A	alt	hom	0.14	rs17044026	0.14	4
568	A	alt	het	0.07	rs982764	0.14	10
569	A	alt	hom	0.14	rs982764	0.14	10
570	G	alt	het	0.07	rs7825208	0.14	0
571	G	alt	hom	0.14	rs7825208	0.14	0
572	A	ref	hom	0.14	rs10510828	0.14	11
573	G	alt	het	0.07	rs10510828	0.14	11
574	A	alt	het	0.07	rs804283	0.14	0
575	G	ref	hom	0.14	rs804283	0.14	0
576	C	alt	het	0.07	rs358256	0.14	0
577	T	ref	hom	0.14	rs358256	0.14	0
578	C	alt	het	0.07	rs9899404	0.14	2
579	T	ref	hom	0.14	rs9899404	0.14	2
580	G	alt	het	0.07	rs17702471	0.14	0
581	G	alt	hom	0.14	rs17702471	0.14	0
582	C	alt	het	0.07	rs933664	0.14	0
583	A	ref	hom	0.14	rs933664	0.14	0
584	A	alt	hom	0.14	rs1005321	0.14	0
585	A	alt	het	0.07	rs1005321	0.14	0
586	C	alt	hom	0.14	rs2432143	0.14	0
587	C	alt	het	0.07	rs2432143	0.14	0
588	T	alt	het	0.07	rs9304496	0.14	0
589	T	alt	hom	0.14	rs9304496	0.14	0
590	G	alt	het	0.07	rs6991271	0.14	0
591	G	alt	hom	0.14	rs6991271	0.14	0
592	T	alt	hom	0.14	rs2232548	0.14	10
593	T	alt	het	0.07	rs2232548	0.14	10
594	T	alt	het	0.07	rs5754682	0.14	0
595	T	alt	hom	0.14	rs5754682	0.14	0
596	A	alt	hom	0.14	rs997675	0.14	0
597	A	alt	het	0.07	rs997675	0.14	0
598	A	alt	hom	0.14	rs10084768	0.14	0
599	A	alt	het	0.07	rs10084768	0.14	0
600	C	alt	hom	0.14	rs336264	0.14	0
601	C	alt	het	0.07	rs336264	0.14	0
602	C	ref	hom	0.14	rs10210870	0.14	0
603	T	alt	het	0.07	rs10210870	0.14	0
604	T	alt	het	0.07	rs4073968	0.14	0
605	T	alt	hom	0.14	rs4073968	0.14	0
606	C	alt	het	0.07	rs15606	0.14	0
607	T	ref	hom	0.14	rs15606	0.14	0
608	A	alt	het	0.07	rs1456669	0.14	0
609	A	alt	hom	0.14	rs1456669	0.14	0
610	T	ref	hom	0.14	rs3803833	0.14	0
611	G	alt	het	0.07	rs3803833	0.14	0
612	C	ref	hom	0.14	rs337656	0.14	0
613	T	alt	het	0.07	rs337656	0.14	0
614	G	alt	het	0.07	rs697887	0.14	0
615	G	alt	hom	0.14	rs697887	0.14	0
616	C	alt	hom	0.14	rs7853840	0.14	0
617	C	alt	het	0.07	rs7853840	0.14	0
618	A	ref	hom	0.14	rs2158860	0.14	0
619	G	alt	het	0.07	rs2158860	0.14	0
620	T	alt	het	0.07	rs2312243	0.14	0
621	T	alt	hom	0.14	rs2312243	0.14	0
622	T	alt	het	0.07	rs12044217	0.14	0
623	A	alt	hom	0.14	rs1796412	0.14	0
624	AG	spec	het	0.07	rs1796412	0.14	0
625	G	alt	het	0.07	rs7149754	0.14	0
626	G	alt	hom	0.14	rs7149754	0.14	0
627	A	alt	het	0.07	rs2061450	0.14	0
628	G	ref	hom	0.14	rs2061450	0.14	0
629	T	alt	het	0.07	rs6657655	0.14	0
630	T	alt	hom	0.14	rs6657655	0.14	0
631	C	alt	het	0.07	rs12737127	0.14	0
632	C	alt	hom	0.14	rs12737127	0.14	0
633	G	alt	het	0.07	rs4363980	0.14	0
634	G	alt	hom	0.14	rs4363980	0.14	0
635	C	ref	hom	0.14	rs10505391	0.14	0
636	T	alt	het	0.07	rs10505391	0.14	0
637	C	alt	hom	0.14	rs923520	0.14	0
638	C	alt	het	0.07	rs923520	0.14	0
639	G	alt	het	0.07	rs1395451	0.14	0
640	G	alt	hom	0.14	rs1395451	0.14	0
641	A	alt	het	0.07	rs10140519	0.14	0
642	A	alt	hom	0.14	rs954472	0.14	0
643	A	alt	het	0.07	rs954472	0.14	0
644	A	alt	het	0.07	rs4237774	0.14	0
645	G	ref	hom	0.14	rs4237774	0.14	0
646	T	ref	hom	0.14	rs4802234	0.14	0
647	G	alt	het	0.07	rs4802234	0.14	0
648	A	alt	hom	0.14	rs1463990	0.14	0
649	A	alt	het	0.07	rs1463990	0.14	0
650	G	alt	het	0.07	rs3886917	0.14	0
651	C	ref	hom	0.14	rs3886917	0.14	0
652	A	alt	hom	0.14	rs2201186	0.14	0
653	A	alt	het	0.07	rs2201186	0.14	0
654	C	alt	hom	0.14	rs11218921	0.14	0
655	C	alt	het	0.07	rs11218921	0.14	0
656	C	alt	hom	0.14	rs4570560	0.14	0
657	C	alt	het	0.07	rs4570560	0.14	0
658	T	ref	hom	0.14	rs12960908	0.14	0
659	G	alt	het	0.07	rs12960908	0.14	0
660	A	alt	het	0.07	rs1898422	0.14	1
661	A	alt	hom	0.14	rs1898422	0.14	1
662	A	alt	hom	0.14	rs2242653	0.14	0
663	A	alt	het	0.07	rs2242653	0.14	0
664	T	alt	het	0.07	rs3804474	0.14	10
665	T	alt	hom	0.14	rs3804474	0.14	10
666	G	alt	het	0.07	rs7524519	0.14	1
667	G	alt	hom	0.14	rs7524519	0.14	1
668	C	alt	het	0.07	rs9554632	0.14	0
669	T	ref	hom	0.14	rs9554632	0.14	0
670	G	alt	het	0.07	rs5758008	0.14	2
671	G	alt	hom	0.14	rs5758008	0.14	2
672	A	alt	het	0.07	rs7246865	0.14	0
673	G	ref	hom	0.14	rs7246865	0.14	0
674	A	alt	het	0.07	rs10190125	0.14	0
675	G	ref	hom	0.14	rs10190125	0.14	0
676	C	ref	hom	0.14	rs894558	0.14	0
677	T	alt	het	0.07	rs894558	0.14	0
678	A	ref	hom	0.14	rs9530108	0.14	0
679	G	alt	het	0.07	rs9530108	0.14	0
680	C	ref	hom	0.14	rs4647992	0.14	10
681	T	alt	het	0.07	rs4647992	0.14	10
682	T	alt	het	0.07	rs2252024	0.14	0
683	T	alt	hom	0.14	rs2252024	0.14	0
684	C	alt	het	0.07	rs2963154	0.14	10
685	T	ref	hom	0.14	rs2963154	0.14	10
686	A	alt	het	0.07	rs11153598	0.14	0
687	A	alt	hom	0.14	rs11153598	0.14	0
688	C	alt	hom	0.14	rs12155014	0.14	4
689	C	alt	het	0.07	rs12155014	0.14	4
690	G	alt	het	0.07	rs4785393	0.14	11
691	G	alt	hom	0.14	rs4785393	0.14	11
692	A	alt	het	0.07	rs701176	0.14	11
693	G	ref	hom	0.14	rs701176	0.14	11
694	T	alt	het	0.07	rs11086106	0.14	0
695	T	alt	hom	0.14	rs11086106	0.14	0
696	A	alt	het	0.07	rs4871976	0.14	0
697	G	ref	hom	0.14	rs4871976	0.14	0
698	C	ref	hom	0.14	rs9916344	0.14	1
699	T	alt	het	0.07	rs9916344	0.14	1
700	A	ref	hom	0.14	rs590211	0.14	10
701	G	alt	het	0.07	rs590211	0.14	10
702	G	alt	het	0.07	rs216493	0.14	2
703	G	alt	hom	0.14	rs216493	0.14	2
704	C	alt	hom	0.14	rs1868778	0.14	0
705	C	alt	het	0.07	rs1868778	0.14	0
706	C	alt	het	0.07	rs249904	0.14	0
707	T	ref	hom	0.14	rs249904	0.14	0
708	A	alt	het	0.07	rs4596036	0.14	0
709	G	ref	hom	0.14	rs4596036	0.14	0
710	T	alt	het	0.07	rs3019435	0.14	4
711	T	alt	hom	0.14	rs3019435	0.14	4
712	C	alt	hom	0.14	rs1517598	0.14	0
713	C	alt	het	0.07	rs1517598	0.14	0
714	A	ref	hom	0.14	rs7857137	0.14	0
715	G	alt	het	0.07	rs7857137	0.14	0
716	A	alt	hom	0.14	rs922943	0.14	0
717	A	alt	het	0.07	rs922943	0.14	0
718	G	alt	het	0.07	rs2043270	0.14	1
719	G	alt	hom	0.14	rs2043270	0.14	1
720	G	alt	het	0.07	rs12585627	0.14	0
721	G	alt	hom	0.14	rs12585627	0.14	0
722	C	alt	het	0.07	rs2596230	0.14	0
723	T	ref	hom	0.14	rs2596230	0.14	0
724	A	alt	het	0.07	rs10055012	0.14	0
725	T	ref	hom	0.14	rs10055012	0.14	0
726	C	ref	hom	0.14	rs9894254	0.14	0
727	T	alt	het	0.07	rs9894254	0.14	0
728	A	alt	het	0.07	rs6997589	0.14	10
729	G	ref	hom	0.14	rs6997589	0.14	10
730	AG	spec	het	0.07	rs6104550	0.14	0
731	G	alt	hom	0.14	rs6104550	0.14	0
732	G	alt	het	0.07	rs3782415	0.14	2
733	T	ref	hom	0.14	rs3782415	0.14	2
734	C	alt	het	0.07	rs4918255	0.14	2
735	T	ref	hom	0.14	rs4918255	0.14	2
736	A	ref	hom	0.14	rs6812745	0.14	2
737	G	alt	het	0.07	rs6812745	0.14	2
738	C	alt	het	0.07	rs7959761	0.14	0
739	T	ref	hom	0.14	rs7959761	0.14	0
740	A	alt	het	0.07	rs12634249	0.14	0
741	C	ref	hom	0.14	rs12634249	0.14	0
742	C	alt	hom	0.14	rs9397084	0.14	11
743	C	alt	het	0.07	rs9397084	0.14	11
744	AG	spec	het	0.07	rs9378384	0.14	11
745	G	alt	hom	0.14	rs9378384	0.14	11
746	A	alt	hom	0.14	rs4755936	0.14	0
747	A	alt	het	0.07	rs4755936	0.14	0
748	C	alt	het	0.07	rs6443429	0.14	11
749	C	alt	hom	0.14	rs6443429	0.14	11
750	A	alt	hom	0.14	rs1557967	0.14	1
751	A	alt	het	0.07	rs1557967	0.14	1
752	A	alt	hom	0.14	rs1322048	0.14	0
753	A	alt	het	0.07	rs1322048	0.14	0
754	G	alt	het	0.07	rs563384	0.14	0
755	G	alt	hom	0.14	rs563384	0.14	0
756	A	alt	het	0.07	rs2116538	0.14	0
757	G	ref	hom	0.14	rs2116538	0.14	0
758	C	ref	hom	0.14	rs524533	0.14	0
759	T	alt	het	0.07	rs524533	0.14	0
760	C	alt	hom	0.14	rs12341685	0.14	0
761	C	alt	het	0.07	rs12341685	0.14	0
762	A	ref	hom	0.14	rs8083511	0.14	10
763	C	alt	het	0.07	rs8083511	0.14	10
764	A	alt	hom	0.14	rs3181360	0.14	10
765	A	alt	het	0.07	rs3181360	0.14	10
766	C	alt	hom	0.14	rs10957071	0.14	10
767	C	alt	het	0.07	rs10957071	0.14	10
768	A	alt	hom	0.14	rs205499	0.14	10
769	A	alt	het	0.07	rs205499	0.14	10
770	C	ref	hom	0.14	rs3769583	0.14	0
771	T	alt	het	0.07	rs3769583	0.14	0
772	G	alt	het	0.07	rs10483493	0.14	0
773	G	alt	hom	0.14	rs10483493	0.14	0
774	A	alt	het	0.07	rs882696	0.14	0
775	A	alt	hom	0.14	rs882696	0.14	0
776	T	ref	hom	0.14	rs3817530	0.14	11
777	G	alt	het	0.07	rs3817530	0.14	11
778	A	alt	het	0.07	rs10518725	0.14	0
779	G	ref	hom	0.14	rs10518725	0.14	0
780	A	alt	het	0.07	rs4952085	0.14	10
781	G	ref	hom	0.14	rs4952085	0.14	10
782	T	alt	het	0.07	rs6984496	0.14	0
783	G	ref	hom	0.14	rs6984496	0.14	0
784	C	alt	het	0.07	rs4240673	0.14	0
785	T	ref	hom	0.14	rs4240673	0.14	0
786	A	alt	hom	0.14	rs11783247	0.14	0
787	AG	spec	het	0.07	rs11783247	0.14	0
788	A	alt	het	0.07	rs10511330	0.14	11
789	A	alt	hom	0.14	rs10511330	0.14	11
790	A	alt	het	0.07	rs11005328	0.14	0
791	C	ref	hom	0.14	rs11005328	0.14	0
792	G	alt	het	0.07	rs7155817	0.14	0
793	G	alt	hom	0.14	rs7155817	0.14	0
794	T	alt	het	0.07	rs6946852	0.14	0
795	T	alt	hom	0.14	rs6946852	0.14	0
796	A	alt	hom	0.14	rs6580511	0.14	0
797	A	alt	het	0.07	rs6580511	0.14	0
798	C	alt	hom	0.14	rs567971	0.14	0
799	C	alt	het	0.07	rs567971	0.14	0
800	G	alt	het	0.07	rs514217	0.14	0
801	G	alt	hom	0.14	rs514217	0.14	0
802	C	alt	hom	0.14	rs4933309	0.14	0
803	C	alt	het	0.07	rs4933309	0.14	0
804	A	ref	hom	0.14	rs4771711	0.14	0
805	G	alt	het	0.07	rs4771711	0.14	0
806	C	alt	het	0.07	rs4722094	0.14	0
807	T	ref	hom	0.14	rs4722094	0.14	0
808	G	alt	het	0.07	rs4497194	0.14	0
809	G	alt	hom	0.14	rs4497194	0.14	0
810	G	alt	het	0.07	rs4461634	0.14	0
811	G	alt	hom	0.14	rs4461634	0.14	0
812	A	alt	het	0.07	rs4285687	0.14	0
813	G	ref	hom	0.14	rs4285687	0.14	0
814	C	ref	hom	0.14	rs4245543	0.14	0
815	T	alt	het	0.07	rs4245543	0.14	0
816	G	alt	het	0.07	rs4141153	0.14	0
817	G	alt	hom	0.14	rs4141153	0.14	0
818	C	alt	het	0.07	rs401974	0.14	0
819	T	ref	hom	0.14	rs401974	0.14	0
820	G	alt	het	0.07	rs3904864	0.14	0
821	G	alt	hom	0.14	rs3904864	0.14	0
822	C	alt	het	0.07	rs346119	0.14	0
823	T	ref	hom	0.14	rs346119	0.14	0
824	A	alt	het	0.07	rs303542	0.14	0
825	G	ref	hom	0.14	rs303542	0.14	0
826	C	alt	hom	0.14	rs2927261	0.14	0
827	C	alt	het	0.07	rs2927261	0.14	0
828	A	alt	het	0.07	rs2901840	0.14	0
829	A	alt	hom	0.14	rs2901840	0.14	0
830	A	ref	hom	0.14	rs2880540	0.14	0
831	G	alt	het	0.07	rs2880540	0.14	0
832	C	alt	het	0.07	rs2866705	0.14	0
833	T	ref	hom	0.14	rs2866705	0.14	0
834	C	ref	hom	0.14	rs277432	0.14	0
835	T	alt	het	0.07	rs277432	0.14	0
836	C	alt	hom	0.14	rs2745252	0.14	0
837	C	alt	het	0.07	rs2745252	0.14	0
838	A	ref	hom	0.14	rs2738173	0.14	0
839	G	alt	het	0.07	rs2738173	0.14	0
840	T	alt	het	0.07	rs2722222	0.14	0
841	T	alt	hom	0.14	rs2722222	0.14	0
842	C	ref	hom	0.14	rs2679234	0.14	0
843	T	alt	het	0.07	rs2679234	0.14	0
844	A	ref	hom	0.14	rs2660888	0.14	0
845	G	alt	het	0.07	rs2660888	0.14	0
846	T	alt	het	0.07	rs2660885	0.14	0
847	T	alt	hom	0.14	rs2660885	0.14	0
848	G	alt	het	0.07	rs2660342	0.14	0
849	G	alt	hom	0.14	rs2660342	0.14	0
850	C	alt	het	0.07	rs2604294	0.14	0
851	T	ref	hom	0.14	rs2604294	0.14	0
852	A	alt	het	0.07	rs2553377	0.14	0
853	A	alt	hom	0.14	rs2553377	0.14	0
854	C	alt	hom	0.14	rs2543356	0.14	0
855	C	alt	het	0.07	rs2543356	0.14	0
856	G	alt	het	0.07	rs2334207	0.14	0
857	G	alt	hom	0.14	rs2334207	0.14	0
858	C	ref	hom	0.14	rs2331101	0.14	0
859	T	alt	het	0.07	rs2331101	0.14	0
860	T	alt	het	0.07	rs2304965	0.14	0
861	T	alt	hom	0.14	rs2304965	0.14	0
862	A	alt	hom	0.14	rs2253363	0.14	0
863	A	alt	het	0.07	rs2253363	0.14	0
864	G	alt	het	0.07	rs2247549	0.14	0
865	G	alt	hom	0.14	rs2247549	0.14	0
866	T	alt	het	0.07	rs2014547	0.14	0
867	T	alt	hom	0.14	rs2014547	0.14	0
868	G	alt	het	0.07	rs1998536	0.14	0
869	G	alt	hom	0.14	rs1998536	0.14	0
870	G	alt	het	0.07	rs1858897	0.14	0
871	G	alt	hom	0.14	rs1858897	0.14	0
872	A	ref	hom	0.14	rs1834461	0.14	0
873	G	alt	het	0.07	rs1834461	0.14	0
874	C	ref	hom	0.14	rs1822590	0.14	0
875	A	alt	het	0.07	rs1822590	0.14	0
876	A	alt	hom	0.14	rs1812736	0.14	0
877	A	alt	het	0.07	rs1812736	0.14	0
878	A	alt	hom	0.14	rs1674159	0.14	0
879	A	alt	het	0.07	rs1674159	0.14	0
880	T	ref	hom	0.14	rs158807	0.14	0
881	G	alt	het	0.07	rs158807	0.14	0
882	A	alt	het	0.07	rs1581035	0.14	0
883	G	ref	hom	0.14	rs1581035	0.14	0
884	T	alt	het	0.07	rs1568282	0.14	0
885	A	ref	hom	0.14	rs1550765	0.14	0
886	G	alt	het	0.07	rs1550765	0.14	0
887	A	alt	hom	0.14	rs1525501	0.14	0
888	A	alt	het	0.07	rs1525501	0.14	0
889	C	alt	hom	0.14	rs1505696	0.14	0
890	C	alt	het	0.07	rs1505696	0.14	0
891	C	alt	hom	0.14	rs1490813	0.14	0
892	C	alt	het	0.07	rs1490813	0.14	0
893	C	alt	het	0.07	rs147295	0.14	0
894	A	alt	het	0.07	rs1470196	0.14	0
895	G	ref	hom	0.14	rs1470196	0.14	0
896	C	alt	het	0.07	rs1411552	0.14	0
897	A	ref	hom	0.14	rs1411552	0.14	0
898	A	ref	hom	0.14	rs1368774	0.14	0
899	G	alt	het	0.07	rs1368774	0.14	0
900	A	alt	hom	0.14	rs1340573	0.14	0
901	A	alt	het	0.07	rs1340573	0.14	0
902	A	alt	het	0.07	rs13125710	0.14	0
903	G	ref	hom	0.14	rs13125710	0.14	0
904	A	alt	hom	0.14	rs12621193	0.14	0
905	A	alt	het	0.07	rs12621193	0.14	0
906	C	ref	hom	0.14	rs12606250	0.14	0
907	T	alt	het	0.07	rs12606250	0.14	0
908	C	alt	hom	0.14	rs12489296	0.14	0
909	C	alt	het	0.07	rs12489296	0.14	0
910	G	alt	het	0.07	rs12446827	0.14	0
911	G	alt	hom	0.14	rs12446827	0.14	0
912	T	alt	het	0.07	rs12353067	0.14	0
913	T	alt	hom	0.14	rs12353067	0.14	0
914	A	alt	hom	0.14	rs1230155	0.14	0
915	A	alt	het	0.07	rs1230155	0.14	0
916	G	alt	het	0.07	rs12129750	0.14	0
917	G	alt	hom	0.14	rs12129750	0.14	0
918	C	alt	het	0.07	rs12121466	0.14	0
919	A	ref	hom	0.14	rs12121466	0.14	0
920	C	alt	hom	0.14	rs12043001	0.14	0
921	C	alt	het	0.07	rs12043001	0.14	0
922	C	alt	hom	0.14	rs11943045	0.14	0
923	C	alt	het	0.07	rs11943045	0.14	0
924	A	alt	het	0.07	rs1189843	0.14	0
925	G	ref	hom	0.14	rs1189843	0.14	0
926	A	alt	het	0.07	rs11687681	0.14	0
927	G	ref	hom	0.14	rs11687681	0.14	0
928	C	ref	hom	0.14	rs11610554	0.14	0
929	T	alt	het	0.07	rs11610554	0.14	0
930	A	ref	hom	0.14	rs11601702	0.14	0
931	G	alt	het	0.07	rs11601702	0.14	0
932	A	alt	het	0.07	rs11189119	0.14	0
933	A	alt	hom	0.14	rs11189119	0.14	0
934	A	alt	het	0.07	rs11063009	0.14	0
935	G	ref	hom	0.14	rs11063009	0.14	0
936	G	alt	het	0.07	rs10923673	0.14	0
937	T	ref	hom	0.14	rs10923673	0.14	0
938	G	alt	het	0.07	rs10890985	0.14	0
939	G	alt	hom	0.14	rs10890985	0.14	0
940	A	alt	het	0.07	rs10863373	0.14	0
941	G	ref	hom	0.14	rs10863373	0.14	0
942	T	alt	het	0.07	rs10505561	0.14	0
943	T	alt	hom	0.14	rs10505561	0.14	0
944	C	ref	hom	0.14	rs10498342	0.14	0
945	T	alt	het	0.07	rs10498342	0.14	0
946	G	alt	het	0.07	rs10489436	0.14	0
947	G	alt	hom	0.14	rs10489436	0.14	0
948	G	alt	het	0.07	rs10263457	0.14	0
949	G	alt	hom	0.14	rs10263457	0.14	0
950	C	alt	het	0.07	rs10229977	0.14	0
951	T	ref	hom	0.14	rs10229977	0.14	0
952	G	alt	het	0.07	rs1016013	0.14	0
953	G	alt	hom	0.14	rs1016013	0.14	0
954	A	alt	het	0.07	rs1002098	0.14	0
955	A	alt	hom	0.14	rs1002098	0.14	0
956	G	alt	het	0.07	rs3811952	0.14	2
957	G	alt	hom	0.14	rs3811952	0.14	2
958	C	alt	hom	0.14	rs3762985	0.14	2
959	C	alt	het	0.07	rs3762985	0.14	2
960	C	alt	hom	0.14	rs155979	0.14	2
961	C	alt	het	0.07	rs155979	0.14	2
962	G	alt	het	0.07	rs1974676	0.14	0
963	G	alt	hom	0.14	rs1974676	0.14	0
964	G	alt	het	0.07	rs12623542	0.14	0
965	G	alt	hom	0.14	rs12623542	0.14	0
966	G	alt	het	0.07	rs16975963	0.14	0
967	G	alt	hom	0.14	rs16975963	0.14	0
968	A	alt	het	0.07	rs712700	0.14	2
969	A	alt	hom	0.14	rs712700	0.14	2
970	T	alt	het	0.065	rs4148544	0.13	8
971	T	alt	hom	0.13	rs4148544	0.13	8
972	CT	spec	het	0.065	rs3800358	0.13	0
973	T	alt	hom	0.13	rs3800358	0.13	0
974	C	alt	het	0.065	rs10256972	0.13	0
975	A	ref	hom	0.13	rs10256972	0.13	0
976	C	alt	het	0.065	rs2370413	0.13	0
977	T	ref	hom	0.13	rs2370413	0.13	0
978	C	ref	hom	0.13	rs739401	0.13	10
979	T	alt	het	0.065	rs739401	0.13	10
980	C	ref	hom	0.13	rs2024714	0.13	0
981	T	alt	het	0.065	rs2024714	0.13	0
982	A	ref	hom	0.13	rs1834497	0.13	0
983	G	alt	het	0.065	rs1834497	0.13	0
984	A	ref	hom	0.13	rs5771675	0.13	2
985	G	alt	het	0.065	rs5771675	0.13	2
986	T	alt	het	0.065	rs2826891	0.13	0
987	T	alt	hom	0.13	rs2826891	0.13	0
988	C	alt	hom	0.13	rs41383	0.13	10
989	C	alt	het	0.065	rs41383	0.13	10
990	T	alt	het	0.065	rs139170	0.13	0
991	T	alt	hom	0.13	rs139170	0.13	0
992	C	ref	hom	0.16	rs2590504	0.16	0
993	T	alt	het	0.08	rs2590504	0.16	0
994	C	alt	het	0.08	rs10937739	0.16	6
995	T	ref	hom	0.16	rs10937739	0.16	6
996	C	alt	het	0.08	rs4648884	0.16	10
997	T	ref	hom	0.16	rs4648884	0.16	10
998	T	alt	het	0.08	rs13053175	0.16	0
999	T	alt	hom	0.16	rs13053175	0.16	0
1000	C	alt	het	0.08	rs9517320	0.16	10
1001	C	alt	hom	0.16	rs9517320	0.16	10
1002	CG	spec	het	0.08	rs1327533	0.16	0
1003	G	alt	hom	0.16	rs1327533	0.16	0
1004	A	alt	het	0.08	rs432203	0.16	0
1005	C	ref	hom	0.16	rs432203	0.16	0
1006	C	alt	hom	0.12	rs923829	0.12	11
1007	C	alt	het	0.06	rs923829	0.12	11
1008	C	alt	het	0.06	rs10877015	0.12	11
1009	C	alt	hom	0.12	rs10877015	0.12	11
1010	A	alt	hom	0.12	rs10877013	0.12	11
1011	A	alt	het	0.06	rs10877013	0.12	11
1012	C	alt	het	0.06	rs6581155	0.12	4
1013	C	alt	hom	0.12	rs6581155	0.12	4
1014	C	ref	hom	0.12	rs10491334	0.12	10
1015	T	alt	het	0.06	rs10491334	0.12	10
1016	A	alt	hom	0.1	rs452707	0.1	0
1017	A	alt	het	0.05	rs452707	0.1	0
1018	G	alt	het	0.05	rs1468772	0.1	0
1019	G	alt	hom	0.1	rs1468772	0.1	0
1020	A	alt	het	0.05	rs519007	0.1	0
1021	G	ref	hom	0.1	rs519007	0.1	0
1022	T	alt	het	0.05	rs5883	0.1	1
1023	T	alt	hom	0.1	rs5883	0.1	1
1024	A	alt	hom	0.1	rs4784744	0.1	1
1025	A	alt	het	0.05	rs4784744	0.1	1
1026	G	alt	het	0.05	rs205990	0.1	0
1027	G	alt	hom	0.1	rs205990	0.1	0
1028	C	alt	hom	0.05	rs7301866	0.05	0
1029	C	alt	het	0.025	rs7301866	0.05	0
1030	C	alt	het	0.025	rs7133474	0.05	0
1031	C	alt	hom	0.05	rs7133474	0.05	0
1032	A	alt	hom	0.05	rs3847663	0.05	0
1033	A	alt	het	0.025	rs3847663	0.05	0
1034	A	alt	hom	0.05	rs1733676	0.05	0
1035	A	alt	het	0.025	rs1733676	0.05	0
1036	A	alt	het	0.025	rs10877403	0.05	0
1037	A	alt	hom	0.05	rs10877403	0.05	0
1038	A	alt	hom	0.05	rs10784033	0.05	0
1039	A	alt	het	0.025	rs10784033	0.05	0
1040	C	alt	het	0.02	rs28366003	0.04	0
1041	C	alt	hom	0.04	rs28366003	0.04	0
1042	C	ref	hom	0.19	rs28933981	0.19	0
